{"_runtime":1584.858623618,"train/global_step":300,"total_flos":1.2973608971403264e+16,"_timestamp":1.7314371348875535e+09,"_wandb":{"runtime":1590},"_step":300,"train/learning_rate":0,"train/grad_norm":0.059675637632608414,"train_steps_per_second":0.189,"train/epoch":1.6,"train_samples_per_second":1.514,"train/loss":0.0279,"train_runtime":1584.8777,"train_loss":0.15000444266945123}