{"train_samples_per_second":0.569,"train/learning_rate":0,"train/loss":0.4477,"_wandb":{"runtime":7036},"train/global_step":500,"_timestamp":1.7313279105320625e+09,"train_runtime":7025.1649,"_runtime":7025.149867898,"train/grad_norm":1.837180733680725,"train_steps_per_second":0.071,"_step":500,"train_loss":1.3390326771736145,"total_flos":7.949319526477824e+16,"train/epoch":6.802721088435375}