{"train_steps_per_second":0.069,"train/grad_norm":0.7332973480224609,"_wandb":{"runtime":874},"train_loss":2.3852320770422617,"train/loss":2.274,"train_runtime":864.1943,"total_flos":9.806279155089408e+15,"_runtime":864.179090842,"_step":60,"_timestamp":1.7313203521823893e+09,"train/global_step":60,"train_samples_per_second":0.555,"train/epoch":0.8163265306122449,"train/learning_rate":0}