{"_timestamp":1.7314427653259e+09,"train/loss":0.0446,"_runtime":2001.643390425,"train/epoch":2.1333333333333333,"train/global_step":400,"train_steps_per_second":0.2,"train/grad_norm":0.10124078392982483,"train_loss":0.13653761897236108,"_step":400,"total_flos":1.557492370931712e+16,"train_samples_per_second":1.599,"train_runtime":2001.6171,"train/learning_rate":0,"_wandb":{"runtime":2006}}