{"train/learning_rate":4e-05,"_step":1,"train/loss":3.164,"train/grad_norm":1.8736885786056519,"_wandb":{"runtime":13},"train/global_step":2,"_runtime":11.562531314,"train/epoch":0.010666666666666666,"_timestamp":1.731440698349e+09}