{"train_loss":0.05585845926962793,"train/global_step":1000,"_timestamp":1.7314581761267087e+09,"train_runtime":8795.5198,"train/learning_rate":0,"train/grad_norm":0.025151748210191727,"_step":1000,"total_flos":9.245426134204416e+16,"_wandb":{"runtime":8799},"train_steps_per_second":0.114,"train/loss":0.0284,"train/epoch":5.333333333333333,"train_samples_per_second":0.91,"_runtime":8795.506553951}